<?xml version="1.0" encoding="UTF-8"?>
<beans xmlns="http://www.springframework.org/schema/beans"
	xmlns:xsi="http://www.w3.org/2001/XMLSchema-instance"
	xsi:schemaLocation="http://www.springframework.org/schema/beans http://www.springframework.org/schema/beans/spring-beans.xsd">


<!-- 	<bean name="productRepository"
		class="com.domain.repository.MongoDBRepository" /> -->

<!-- Below works as there is a type of Bean for ProductRepository -->
	<bean name="productRepo"
		class="com.domain.repository.MongoDBRepository" />
		
	<bean name="productService"
		class="com.domain.service.ProductServiceImpl" autowire="byType">
	<!-- constructor injection -->
	<!-- <constructor-arg index="0" ref="productRepository"></constructor-arg> -->
	<!-- <property name="productRepository" ref="productRepository"></property> -->
	</bean>
</beans>
